Job_Title,Category,Job_Description
Software Engineer,INFORMATION-TECHNOLOGY,"Looking for a software engineer skilled in Python, Java, data structures, algorithms, backend development, REST APIs, SQL databases, cloud deployment, system design, debugging, and scalable application development."
Machine Learning Engineer,INFORMATION-TECHNOLOGY,"Seeking a machine learning engineer experienced in Python, TensorFlow, scikit-learn, data preprocessing, model training, deep learning, NLP, computer vision, statistical analysis, and deploying ML models in production."
Data Analyst,INFORMATION-TECHNOLOGY,"Hiring a data analyst proficient in SQL, Python, Excel, Power BI, Tableau, data visualization, data cleaning, reporting dashboards, statistical analysis, and business intelligence insights."
Accountant,ACCOUNTANT,"Seeking an accountant experienced in taxation, auditing, financial reporting, GST compliance, income statements, balance sheets, bookkeeping, budgeting, payroll processing, and financial analysis."
Financial Analyst,FINANCE,"Looking for a financial analyst skilled in financial modeling, forecasting, budgeting, risk analysis, investment analysis, financial planning, Excel, reporting, and performance tracking."
Digital Marketing Specialist,DIGITAL-MEDIA,"Hiring a digital marketing specialist with experience in SEO, Google Ads, social media marketing, content creation, campaign management, analytics, keyword research, branding strategy, and performance marketing."
HR Manager,HR,"Looking for an HR manager experienced in recruitment, talent acquisition, payroll management, employee engagement, training and development, performance appraisal, HR policies, and workforce planning."
Business Development Executive,BUSINESS-DEVELOPMENT,"Seeking a business development executive skilled in market research, client acquisition, sales strategy, revenue growth, lead generation, negotiation, partnership management, and business expansion planning."
Civil Engineer,ENGINEERING,"Hiring a civil engineer with expertise in structural design, construction management, AutoCAD, site supervision, project planning, material testing, safety regulations, and infrastructure development."
Mechanical Engineer,ENGINEERING,"Looking for a mechanical engineer experienced in CAD design, manufacturing processes, thermodynamics, machine design, product development, quality control, and industrial automation."
Teacher,TEACHER,"Seeking a teacher proficient in curriculum development, lesson planning, classroom management, student assessment, academic mentoring, communication skills, and subject matter expertise."
Healthcare Administrator,HEALTHCARE,"Hiring a healthcare administrator experienced in hospital management, patient records, compliance regulations, healthcare operations, medical billing, staff coordination, and healthcare systems management."
Banking Officer,BANKING,"Looking for a banking officer skilled in financial services, loan processing, customer relationship management, risk assessment, credit analysis, regulatory compliance, and banking operations."
Public Relations Officer,PUBLIC-RELATIONS,"Seeking a public relations officer experienced in media communication, brand management, press releases, event coordination, corporate communication, crisis management, and public engagement."
Sales Executive,SALES,"Hiring a sales executive skilled in lead generation, customer relationship management, negotiation, target achievement, revenue growth, client presentations, and sales strategy development."
Legal Advisor,ADVOCATE,"Looking for a legal advisor experienced in contract drafting, legal research, litigation support, compliance management, corporate law, legal documentation, and dispute resolution."
UI/UX Designer,DESIGNER,"Seeking a UI/UX designer proficient in Figma, Adobe XD, wireframing, prototyping, user research, usability testing, visual design, interaction design, and responsive interface development."
Chef,CHEF,"Hiring a chef experienced in culinary arts, menu planning, food preparation, kitchen management, food safety standards, recipe development, and restaurant operations."
Automobile Engineer,AUTOMOBILE,"Looking for an automobile engineer skilled in vehicle design, automotive systems, mechanical components, engine testing, CAD modeling, quality assurance, and automotive manufacturing processes."
Agriculture Specialist,AGRICULTURE,"Seeking an agriculture specialist experienced in crop management, soil analysis, irrigation systems, agricultural research, farm operations, agronomy, and sustainable farming techniques."
Construction Manager,CONSTRUCTION,"Hiring a construction manager skilled in project planning, site supervision, budgeting, safety compliance, contractor coordination, construction scheduling, and infrastructure development."
Fitness Trainer,FITNESS,"Looking for a fitness trainer experienced in personal training, workout planning, nutrition guidance, strength training, fitness assessment, and health improvement programs."
BPO Executive,BPO,"Seeking a BPO executive skilled in customer support, call handling, client communication, CRM tools, problem resolution, service quality assurance, and process management."
Consultant,CONSULTANT,"Hiring a consultant experienced in business strategy, process optimization, performance analysis, client advisory, market research, financial planning, and organizational development."